Cirilo,8096000845,cokell0@whitehouse.gov,7286304460,0kMOPf8I
Isabel,7935870241,iruckledge1@prweb.com,5688662182,oJHA9pFp
Honor,9869767079,hlabro2@weather.com,3952939163,OS6iwp1
Marquita,6549972280,mhenkens3@nps.gov,6607718785,AWe1Hvur
Costanza,3115512562,charriday4@npr.org,3242365100,RL1kWpgw
Alister,5543045069,achatenier5@ocn.ne.jp,2559441744,2bmu91F
Alie,2923923316,aodonoghue6@feedburner.com,7474571562,S9BbFJfT7UBl
Doroteya,0219648840,dasaaf7@army.mil,1452934478,9yjRKopTQB
Dacia,6842364647,dtyre8@addthis.com,7544508800,pVECd0AIqTj
Mathilde,6871528946,mlowery9@fotki.com,3325256899,wPNw5E
Francklin,7441397480,ffeakea@usda.gov,1242091749,EBaLbz
Paolo,2194503552,pbasiliob@go.com,9397675574,xeEmI51Xejp
Jonathan,8172679645,jfranckec@bizjournals.com,8188599180,XdE0Ax3V
Darius,2999891628,dchadwelld@angelfire.com,5767617680,ClE5ULCkb
Stephani,4245639113,skinge@wikipedia.org,2621469365,IivPyXiM1z
Cal,5791212739,ctrinkef@sina.com.cn,9293545004,9ARWv3
Cecil,8099535154,cebbsg@blinklist.com,1451268261,n4bK1q
Helenelizabeth,7451929795,hswofferh@techcrunch.com,2556350954,oF7sdF
Jo ann,9722377388,jdanisi@reverbnation.com,9704288048,uAtxKKdTgiL
Bea,8787283360,bhaackerj@ebay.com,2077089664,c68TTfGj
Harri,1143217276,hkleinplack@sciencedirect.com,1897804863,AiOT9Mz
Frank,7462481847,fbottelll@freewebs.com,5849563014,DSA9vl
Elianore,5715581192,ecostonm@ifeng.com,3615724108,nHQY8gc8j
Sharla,2309508896,sburnsiden@wisc.edu,9578040202,yHlPJfw1Qt
Coraline,4691864954,chungerfordo@storify.com,9566589373,dECUzEJgfWYn
Yves,3380925683,ypatterfieldp@epa.gov,3122811038,RmMH476Hj
Marcel,0282842160,mperrelleq@scribd.com,2902966367,nibuHIW4
Harrison,7965218887,hcheersr@macromedia.com,7882466965,fF0Ya7vnLws
Virginie,4085591827,vagotts@weibo.com,1317797108,NuSnM4
Becki,3165524068,backerleyt@ameblo.jp,1211994549,shZFGBeVDb5
Avrom,4070066357,adeacocku@paypal.com,4734451888,jNBK45S3A
Lissa,9842596958,lputtv@infoseek.co.jp,3007349186,rODCAhBT9W
Tillie,7540834161,tmacgeaneyw@google.fr,2906663718,ev2p3ZcmSY
Pippy,0874880289,pleitherx@microsoft.com,6575576130,vtItTP
Hedwig,5873105375,hphittiplacey@noaa.gov,8975892350,KjgtpSadObDz
Matias,0871737159,mtodaroz@ebay.com,6696516160,HfMcXfN1xj
Ignace,6867034144,iscrigmour10@miibeian.gov.cn,3523528731,I2jjrkjh
Jillian,3215310309,jtroubridge11@skype.com,6727058305,mwXJTjR
Reilly,9458479819,rhanselmann12@weibo.com,3298568294,BxUvo69Kf
Maurise,6157814381,mcaffrey13@newsvine.com,9572338123,1TAqoZbmI8
Diena,4986833162,dcardnell14@tripod.com,7511145904,5cw81OlpRlvc
Annis,7807409835,abiaggetti15@squidoo.com,9759958139,XCkIg9KZeiP3
Shelli,0130191825,stocque16@digg.com,9778765442,87ZSYG5C3gw
Reid,0905617835,rswaile17@rakuten.co.jp,1185039857,j1UWnY
Ibby,4530862844,iwetherburn18@admin.ch,6429929236,d0dzTIG9
Daryn,4193291618,dlegerton19@arizona.edu,8244843033,t8zjhSK
Woodrow,6509292343,wbence1a@gnu.org,2425786578,ri7jtC8Pp
Rickert,9974612209,ralloisi1b@histats.com,9164953824,IQJhrQlLvK6G
Temple,9356236704,tmatveichev1c@netvibes.com,6116926943,K2Zt2Az
Petey,9112215864,pbednell1d@hubpages.com,9266283078,BZ7jb6v8FebC
Locke,4988879496,lpollie1e@fastcompany.com,8024843509,XPWZA9
Mackenzie,5615785845,mbaker1f@infoseek.co.jp,7411319441,u69MSKsJ
Leonard,0615228682,ledwinson1g@cam.ac.uk,8341149533,dQtGYzHRsJnl
Lianne,1958089478,lnaismith1h@imageshack.us,7617239994,Ss4Aj4GepiAa
Rory,5786795454,rnarbett1i@last.fm,6116697730,YbxArwVCOL98
Reinhold,6214724080,rwellings1j@issuu.com,3866779961,ddWFQdibYbX
Tonye,6106318174,tdood1k@usatoday.com,2406211221,7EZZqLR
Bidget,0797929169,bfeuell1l@google.nl,8163612132,sHSAUSWdZv
Thibaud,4145935624,tbutson1m@qq.com,5125819657,6p0e5CEp
Wenda,5498814089,wkemitt1n@diigo.com,9961233297,fi9awG
Kenn,9686835237,kkesper1o@irs.gov,1054387916,Phq5xc27
Teddie,3941372971,thylands1p@reverbnation.com,1168221791,YDFj069zm
Grazia,8801281366,gbarker1q@imdb.com,9776221286,23sZ1XUD
Alec,8828700882,akidder1r@boston.com,4262370665,tRcClc
Kev,8550250619,kgreson1s@redcross.org,4476099324,VPySeCCO52HV
Alleen,7470702741,asarfass1t@pagesperso-orange.fr,8112974193,fGCBsAP2bDck
Ardys,0543040143,acutajar1u@printfriendly.com,4236257995,PcpSGGXqZOL
Lishe,7902812471,lfernyhough1v@soup.io,9031560240,8XY7S74
El,3829737874,ekenningham1w@mapy.cz,6116714690,bOQEtXfhI9Bu
Penelopa,4523568219,pcullen1x@wikispaces.com,3834501420,IKz3vkpZy
Dorotea,7420620059,dhartas1y@stanford.edu,4557531763,8aiHo4Fuj
Frasco,7336810292,ffolcarelli1z@xinhuanet.com,9626583354,uqT5Hq8YCFKa
Cathee,4750119814,clinney20@kickstarter.com,3198208995,74AFp4Ir5ig
Phil,7750671307,phache21@t-online.de,3868660118,yyXKsCtEUTh
Rickie,1248994205,rstraun22@goo.gl,1906288141,S0Geq2XkT
Reine,2978028610,rszapiro23@clickbank.net,5952711452,3zXt7Qz
Othello,6841906632,opargeter24@about.com,3181903087,c11Ge9l5Vfyr
Camila,2561938743,ccesco25@independent.co.uk,2512413725,tEoyACcig
Elias,9553831648,esteanson26@bizjournals.com,7528740177,KJKIDDouoDTP
Marco,0457715030,mland27@i2i.jp,7807237493,MByuQMwe
Kennan,8235106760,kharnwell28@delicious.com,6061903384,PBwfp4mQkvn0
Simonne,7016140849,ssture29@wordpress.com,5972472938,0rM5Qgu
Lauritz,8200246787,lbreitler2a@chron.com,6723679174,wrCXRnyWrL5q
Art,3989605674,arawson2b@twitter.com,1982649295,b8j9ft6t4C
Lynnet,4296177133,lhickenbottom2c@springer.com,4115422988,qvOaZtz
Edward,4362111514,eminnette2d@zdnet.com,9897450252,u9buZAnsVjUf
Emanuel,4323262175,ehulke2e@moonfruit.com,9305282731,1306BSIk26wc
Shela,2999889437,snolder2f@hc360.com,7692313795,UJx0CGHK6Jrq
Loralee,8038799143,lpedden2g@cam.ac.uk,4439278899,CYNF9i9
Lance,2123708593,lgathwaite2h@soup.io,4431439384,vd0QyL3F
Teddi,2275504966,tcorsan2i@miibeian.gov.cn,6634655517,uLcrGBWx
Jephthah,2880980259,jknowlden2j@theglobeandmail.com,5708251934,eUZIYHXu
Tabbie,1150919604,tphebey2k@archive.org,1879770147,LJCDjF
Fernando,6249656472,fwikey2l@hp.com,3803098652,KTOC3bo
Janaya,3708881893,jhoundesome2m@geocities.com,5287477983,iEZ6R6
Carmella,8129109522,cbundy2n@economist.com,4666302292,rAovqXnRG9k1
Isidoro,9347755680,imoney2o@ovh.net,2263721338,E8xRos
Floria,9232865173,frutt2p@tinyurl.com,3218461225,Z5eXt1dE
Clemence,8624874343,csizey2q@hubpages.com,6041066451,ga3x0qYGycXw
Ricki,8868645971,rmursell2r@4shared.com,3057836488,6Ouii9h
Shir,5167427525,snetley2s@yahoo.co.jp,4595425037,0MFYm8jTQBf
Nil,9892617231,ngrinaway2t@wufoo.com,1567402895,3hynWc0f5V
Tedra,9552928788,togeneay2u@howstuffworks.com,1276373999,c9IewSVf
Glynis,6157722371,ghallor2v@chronoengine.com,1763238595,lLOEpCVpN
Bridget,0219419574,bpendleton2w@blogs.com,4308309281,v1J5rTy5N9yT
Elwood,9457699742,ebrosch2x@salon.com,2386728865,YphYZwOsjgs
Rafe,0304130621,rgovan2y@cnbc.com,8618047484,E4ODCIjyXy5
Aleece,1908375698,astickings2z@cbc.ca,9467249701,Ars4UVoTjNpq
Shurwood,1706290764,srhydderch30@sun.com,3164896418,L13y8l59yOW
Reese,7603530075,rfrith31@gov.uk,6306407121,71Y9v5
Romonda,1309766525,rtrunkfield32@unc.edu,1927116819,A7XQS6FpJro
Leighton,9764851312,lshepheard33@goo.ne.jp,2682312269,ewu44TOy
Taryn,7559425739,tbuddleigh34@a8.net,7031140908,50De4DEWT
Kaiser,4410058932,kelnough35@house.gov,3105317723,t7qlKHD
Charlotte,0599237031,cstclair36@skype.com,3783535130,RZ7p4AQQZ
Zackariah,0516085077,zcollen37@moonfruit.com,8754332686,M0HNDD0n
Verena,5319416555,vextance38@oracle.com,7601247784,0aadsLwW0
Stanley,6864510859,srheam39@gravatar.com,9374230557,jAThYlhl
Letizia,8330680975,ljoder3a@ucoz.com,3052174639,yJ9bDn
Alissa,0027678148,akhosa3b@weibo.com,7727434093,wreyxNY0hCL
Coral,0352237945,cwidd3c@com.com,5004533379,jL28EKbhk
Edyth,3810526444,ecolson3d@discuz.net,4715086247,U7OuMb
Shannon,5694520777,smartt3e@privacy.gov.au,1062309503,EjkU8letT
Tate,3394041359,tfigger3f@skype.com,9612759629,6mVBAW
Timmy,5455915886,tclurow3g@google.co.uk,8479441727,6mOsS40
Neal,9463834699,nsaberton3h@github.com,2845934029,5ek98F
Raynard,7324127207,rdelaharpe3i@ftc.gov,7247485360,zLKMAIc
Kariotta,9245363643,kamys3j@blinklist.com,2141437075,lAFGOOwCiq0V
Dermot,7223168838,dmacilurick3k@cnbc.com,8274357306,5RTiLLb
Barde,7747056397,bcocci3l@mtv.com,2334817478,PvRrfJ
Dynah,8979690363,dninnis3m@shop-pro.jp,6459866667,Cx87Wbue8
Danni,9831187326,dpieterick3n@topsy.com,4312671740,IiPTVpLG
Jemmy,2592251294,jbarlass3o@pinterest.com,1246985474,WzftxNOI70
Annamaria,3198086035,agoodliffe3p@cocolog-nifty.com,8192934481,upzil3y1c
Britteny,4319333047,bkeasy3q@baidu.com,1076612754,Db4dFPhYw
Nonnah,4294216816,ntincombe3r@oaic.gov.au,2505873243,FVUZEe6
Jemie,4269803541,jpalley3s@theglobeandmail.com,1351729999,kFDSA7upE
Vita,0508015782,vfeldbrin3t@redcross.org,2178814065,GCKemg
Saw,3785064934,shuncote3u@a8.net,8176647494,p2DjGfQU4A
Miof mela,9174986724,mspaven3v@walmart.com,5961557663,xi5tqxSTv4
Gavrielle,9637003088,glind3w@ustream.tv,6872012559,Nxxv3QwDp7
Joaquin,0287530949,jlivick3x@vinaora.com,3867781953,lZCs7vS5l
Sylvester,1157557678,sbartolomeu3y@dailymail.co.uk,3938095917,oeRcMzLxIO
Guendolen,3853227058,gohenecan3z@dyndns.org,6969413623,oQywSzNn4A
Jodi,3151398006,jmacenzy40@cdc.gov,9443865680,rvbYtKFffO
Wye,6426781630,wmatthis41@yellowbook.com,1786704430,31wF1zjMosrw
Jock,6421460755,jpellitt42@phoca.cz,4814791200,e7hBRSZM
Gail,0788078046,grycraft43@hibu.com,7736349145,JNVM3a
Gabriela,3504643994,gkarpol44@bravesites.com,9197462073,NAW4vkjYzA
Shea,8684017722,simorts45@ucla.edu,3346004086,MXLTERtw3
Michel,4085981307,mplumptre46@scribd.com,7408334835,i9IaEVR45jLU
Phyllis,9070332485,parmall47@jimdo.com,3854306124,TsXbFKd
Orbadiah,5318961495,oprickett48@springer.com,8095750503,cYZWrJ8jKp
Ringo,2633508464,rtremonte49@tuttocitta.it,5596527258,bMS9nXXLeYbt
Wye,6120207430,wdray4a@mail.ru,3494525742,1ZTWU3
Lazarus,3939653373,lhalvorsen4b@sun.com,4213481168,BR9KaN
Anjela,4850033768,acocking4c@theatlantic.com,7911936619,IEg2Zy
Maddy,7740231339,msiege4d@hexun.com,9861108928,IzLWX4bs
Huntley,4835104986,hwycliff4e@seattletimes.com,4448762259,GWrDfeJGr
Reilly,1604128941,rnehl4f@nbcnews.com,1062030162,qihHdmRnDNx
Harriette,7316174927,hdukelow4g@infoseek.co.jp,9778337000,vwTwRrBXl52R
Nerti,9964509146,nlammers4h@myspace.com,9511470659,XOFa6P
Berti,8873550878,bkettle4i@discovery.com,4867781545,zlzBk3ovB
Star,9211818672,ssarten4j@opensource.org,6179514809,omext4
Bethina,8745147809,bpasque4k@forbes.com,9965315604,jJTpRFm7puX
Panchito,8753641191,pdullingham4l@123-reg.co.uk,6602645981,bfN1vNCaDB
Di,6943467905,darchibould4m@java.com,2697353291,o0LhB1jKF
Ketty,5492487329,kflude4n@nyu.edu,2585337377,ofIFHUpl
Daffi,8028967817,dturfus4o@creativecommons.org,9215063987,Ev1zdA
Leeanne,1017798931,ldraysay4p@1688.com,3829785881,7Q9poAq63Vzm
Rhiamon,7599776907,rfossett4q@smugmug.com,7474014277,XNvMiZj
Obie,5346948740,osimeoli4r@dion.ne.jp,7951326449,KMNcjV
Carlye,4386360972,cpenella4s@yahoo.com,1335318604,PoZM5US88dH
Elliott,7198851835,emacgilmartin4t@cbslocal.com,7813786361,OXo8Ef3K
Rodolphe,3544802732,rritchings4u@tinypic.com,6324943162,jC7apiMH0Y83
Julius,0964010216,jbartholomieu4v@freewebs.com,6524081527,CPuX5S4YH
Tannie,7903489402,ttythe4w@ft.com,3898693259,0JAW5tsY
Hamlen,4295215317,hinold4x@globo.com,1813518265,U5EI8GqwB
Billy,2630396711,btrowsdale4y@army.mil,4922416750,CbUk4eN8jjuy
Bank,1683491335,bwilford4z@jugem.jp,6077090123,4jzjTnQNfNZ
Hope,3944755103,hcatt50@wix.com,5618750851,mJaHlZ8cq1M
Sonja,0017305977,schinge51@t.co,1488173702,vDXtQPcuHZRR
Leonelle,0142818437,lblanpein52@prweb.com,6323191218,B8gzAIngje
Tiebout,2572884992,thammor53@facebook.com,5029333982,lXJmrzYpXg
Oby,2903375240,omcquin54@theglobeandmail.com,3066229424,klG0jSDIwS
Korney,8214553148,kelcum55@pen.io,4883274528,ZEiBs9pDF
Lulu,0906461235,lbutterick56@drupal.org,2296535527,L7rhDMg6HJl
Jerrylee,8083407690,jfeighney57@twitter.com,5353119553,Arw4gV
My,4302874767,msmallcombe58@census.gov,2826238470,ChDquO3YF
Keir,1031983279,kkencott59@home.pl,3413136973,BPyOnpvCdo
Colas,8144884442,cmccardle5a@ted.com,1815547364,QU6noWa1akIb
Thayne,8258828754,tgerrelts5b@google.com.br,7335058390,KqL9ShADF
Phebe,8083755702,phaxell5c@java.com,4781798970,ZNbI7nZU4X
Katuscha,2533281352,ktennet5d@cam.ac.uk,8291265304,wRxWrf
Korry,6712883423,kgiorgetti5e@dmoz.org,9959378146,6gApFlE9
Carmela,7551226311,cbraundt5f@e-recht24.de,2797708075,w9JIiFr
Dierdre,9907952664,dlowdwell5g@ft.com,3503610718,jDPpmle6
Arlena,0613045831,aculpen5h@marriott.com,5118980404,QDgCzIxEo9
Natalie,4287890809,ncane5i@shinystat.com,8356065764,706HFhb8AF
Shell,8392709233,sbuesnel5j@webeden.co.uk,5436537783,xEk5nCH8T
Glenden,2629250601,gclaige5k@sitemeter.com,4159207666,zP3606pR
Panchito,0681060670,pdodshon5l@eepurl.com,3648425946,3pVkyfT
Jacynth,4332745965,jtoombs5m@un.org,8408058765,TlyyE2TrQ
Octavia,8815608591,opaolicchi5n@cocolog-nifty.com,5511486909,NOyOthklc6
Pamella,3022669119,pdenziloe5o@tamu.edu,5036238960,685aTW
Tate,8325017325,tjezzard5p@state.gov,5716829234,sHEwVBKOE
Caitlin,1070076732,ccheson5q@lulu.com,9148070259,Wpbq07v6Q
Luelle,6731643017,lfinder5r@blogspot.com,9814051936,YNAl6joU
Doralin,3084275068,dmartinello5s@discovery.com,1811623362,CUH37tL
Klemens,0889003548,kliff5t@miibeian.gov.cn,3193573773,FXZvg2QZrD2k
Ivonne,1794448314,icopping5u@cmu.edu,6336766866,NehaxUHjJj
Rosanne,6002490361,rlamba5v@reference.com,4046485307,OFLrFw1949
Abey,1546730567,atomich5w@clickbank.net,7718415774,XgLzkzD
Kory,0711861498,kbeggs5x@hugedomains.com,1079420754,Sv7etI3hbi
Winny,4504037750,wcruden5y@deviantart.com,1614327390,BIfu7mDK
Shelba,3786678588,sfanti5z@about.me,8041371020,rdPJ0mv9Me
Correna,7457215174,ckift60@4shared.com,2518726422,UHGggvoPPQq
Rafaelia,3140628420,rrosander61@yellowbook.com,7753763060,VBQUioCjipRs
Matilda,1553724402,mfurse62@army.mil,5024303698,56j616
Ursala,8116347985,ugiovannacci63@posterous.com,8563560667,5zE1xt
Valentino,3894995971,viacopetti64@telegraph.co.uk,7345025083,R4Fkidq7
Mommy,5751193113,mwestbury65@kickstarter.com,1386615012,Mt8ZoZyjk
Gabrielle,3813836207,gmcmeekan66@csmonitor.com,6965219090,JIwPgWykbMjE
Karrie,8074176320,kdowse67@netvibes.com,4327709317,cDpAhpfDF
Ettore,9000941164,edews68@lycos.com,9368826938,Ko2j2JSQoNEf
Randell,8706701833,rsoggee69@reuters.com,5359621362,0jI8Ej6P
Bette-ann,8943057083,bcarty6a@noaa.gov,7075707914,A2w2DpZvm
Albertine,8412616618,awinman6b@loc.gov,3306388306,lF9yKibOuZ
Aubree,0755504968,asyncke6c@xrea.com,3988850349,xyeUmPe7Y0
Clarissa,2740553285,cwalcot6d@earthlink.net,9201356915,Uz2mQe47j
Adelice,2197911287,araulston6e@dot.gov,2489522256,bPHuGDdt5io
Caritta,5709658278,ccampbell6f@nih.gov,8606046656,xqlJ6bCJ
Cary,5032730521,cedinborough6g@mayoclinic.com,8731083750,1c7li0am2E
Arlen,9123443448,ablenkiron6h@g.co,1751736396,MHv3JC
Penny,3802714563,pmccormick6i@rambler.ru,3053002156,45jnB83jrmd
Phedra,3584254876,pseywood6j@narod.ru,2939195412,6zrmysDvR
Dominga,1954740093,ddashkovich6k@ow.ly,6887150424,ayDY1gB9pOP
Philippe,0380822385,pswanson6l@oakley.com,5641002914,lHt7gHrhC
Marjorie,8084374524,mscain6m@marketwatch.com,3629117288,EQzT5s
Brinna,7272339349,beckh6n@dell.com,4837653139,Rkvl2nmt
Edmund,7523063195,elavender6o@multiply.com,7984095924,3mztRc
Curran,0345366468,chenningham6p@freewebs.com,5173042670,bq1HftorcZ
Cherie,6908750914,cmorey6q@pcworld.com,2845311769,p8mLmPfq0w
Amelia,0345295331,aberthod6r@indiegogo.com,2254837137,pR6LQ7Nm
Codi,0489439004,czannuto6s@state.gov,3508551073,zCFJZYJBQ
Brannon,9619374886,bbennitt6t@hexun.com,1602855438,vGKqynGqOz1
Christabel,5245354543,cmitie6u@businessinsider.com,8782910289,xYjd63D
Riley,2998714544,ryuryev6v@who.int,6531392155,ULB36iaijbv
Morganne,2182498338,mmccathie6w@samsung.com,3657895931,GavV7WOX
Melantha,7382586219,mmoorwood6x@liveinternet.ru,1964760316,8vxFELS
Neysa,4524948023,nmansell6y@bigcartel.com,1787282515,T2HZ2ko9lTtx
Doralynne,2634456778,dkeitley6z@altervista.org,5173365808,JHL7uACJ9Rr
Jorgan,2925749542,jcoalburn70@wp.com,3825422836,PjYlI6cMzC
Miquela,8063145917,mgunton71@un.org,1465596255,k7jIik
Shayna,3810058726,sewen72@newyorker.com,1694192301,wpbe1Or
Hervey,5208961237,hbullant73@amazon.com,5161123032,T8OU0m3
Ulysses,9658972098,ureede74@yahoo.co.jp,8588370646,kqprHgDLS0
Shela,6541869464,seliot75@bigcartel.com,7404342642,9baPE1
Suellen,1570873879,smum76@ebay.co.uk,9542174994,WwD7Vwc
Cyndia,2674831979,clissandre77@cyberchimps.com,2468450012,mSdqXEUdFhe3
Carmel,9496880258,cbennion78@examiner.com,7542435820,T5ph1Jyqeg
Chrisy,5721028297,ctocknell79@aol.com,9861315459,ci58KeB
Marylee,2581005890,mgentle7a@wix.com,2424661410,nOrMxl9hSfl
Tessi,4307513681,tdrillot7b@sogou.com,8677491914,d6XifLbDCtcD
Norean,2600908919,nfero7c@smh.com.au,7388711463,htoWAVi
Katine,6937064438,kdonnan7d@senate.gov,7322358633,EEEc1B4xO4Ez
Bartlett,0005577950,bkilian7e@nationalgeographic.com,4235755309,j5LYCwvC
Thor,2556797487,tberthomieu7f@themeforest.net,7085212429,mDpHLXIfmQ4
Piper,6505636528,pbridgnell7g@tuttocitta.it,9132837310,KhiitT0
Torey,1782740171,tcarvilla7h@booking.com,2969359383,xaTzvT8j9N
Jessa,9637757376,jcubberley7i@reverbnation.com,2236202582,kxAyAZJPX
Cassandry,1039179452,ccapenor7j@hubpages.com,6542385214,OIQykz
Lyle,1206455462,ldumbleton7k@mac.com,6591267003,PgJdty60Z
Drusilla,5660141285,dhilling7l@aboutads.info,6101118172,JrS9Ke220pN9
Adolpho,7440763556,abrychan7m@creativecommons.org,1803721180,oHegvE6DeTzD
Mel,7024928697,marchdeacon7n@ed.gov,5783112577,qKDoNcutoLh1
Lesya,9072437330,lgatsby7o@foxnews.com,6701141236,btIW1zYClQkF
Schuyler,6473908943,seastman7p@webeden.co.uk,5567804902,3q4v917tF
Kippar,2784957748,kdymock7q@tuttocitta.it,8052128799,b7xnIl
Cyndi,2064338926,cmordan7r@boston.com,2474726832,xKwO3zZvigV
Augy,0387257969,ablasl7s@narod.ru,2514358900,8WvpzRUiDP1
Edna,3211343962,esollom7t@goo.ne.jp,6388435029,7TfSg4YB
Aida,4090193591,achampion7u@linkedin.com,9595806215,BzgJRUq
Morlee,8898550707,mkubik7v@aol.com,2331027143,oKfVuU
Zilvia,8559183183,zcrome7w@nhs.uk,3068447381,nlYRUlEWo5
Dareen,4833589613,dfass7x@home.pl,2907670075,L1AlBiCLjy
Ellsworth,8870261824,echasen7y@shareasale.com,4635285506,ybUeIOq4DHAd
Mufinella,4287958993,mkupka7z@cnet.com,3526146519,ELNUYBdaG
Maxy,9357636099,mnys80@slideshare.net,5031232439,wKKl6RH5xgeC
Raimundo,7782368766,rdanzig81@ed.gov,3613043821,pDcW0q4y55jx
Rolph,4892500356,rmaxstead82@liveinternet.ru,1147737253,9teDQy7um
Sheffield,2752566654,sflaunders83@sfgate.com,9179061488,tqOvzF0jJdlM
Sophia,9993728233,samoore84@live.com,3919881082,5W9EGOst
Adriena,3644472637,asteinham85@ucoz.ru,5043714626,yboCUb
Moore,2494710847,mdelgaty86@hostgator.com,6656139831,BRc7D4c
Andriana,0443269211,ahainsworth87@360.cn,8573440094,fqxHtMkp
Dyna,5136658061,dduxbury88@abc.net.au,7989286590,9OMvN1C
Lisetta,1152762648,lmcparlin89@nhs.uk,9167606525,1vkEPZtIJ
Hewitt,0474265226,hoade8a@constantcontact.com,8287367644,ZEpoIOO2BYE
Ebenezer,0307767876,emordie8b@comcast.net,8773604151,Az3QxqZ2
Cirilo,0475151798,carchbould8c@tinypic.com,2597804880,rXfsYGO
Audi,1344469531,abushe8d@wikimedia.org,4295192895,uT952YQ
Stevy,8265054742,shallihan8e@newyorker.com,6026095661,dtnEsS0
Dehlia,4017191290,dgrassi8f@cloudflare.com,3861931621,4jnj3Od
Julia,9548424789,jmccroft8g@senate.gov,1278744628,ZET3g4H
Ulises,5434442342,uscholar8h@japanpost.jp,9461814987,Te6S02
Elke,7248082821,estanier8i@vinaora.com,2151562744,08ZH9K
Carny,1783104856,cdicte8j@gizmodo.com,2544139445,mubiprCK3vBp
Vere,6394111503,vbranscomb8k@bloglines.com,5405625428,XQGHzfuTncxG
Jane,5383535470,jwickham8l@redcross.org,3097619220,wDQdIl67eg8k
Romola,6524104285,rmcateer8m@google.com,2082313537,60zs9lKJxVGb
Kellen,8627780625,kwalcot8n@constantcontact.com,1465019544,xybMeucWRMC
Catherina,9691317583,ctonbye8o@mayoclinic.com,9836500314,UerZ9JyU
Anabal,3655683243,amitchelhill8p@biglobe.ne.jp,3069618260,KxGyxzezGfdi
Meridith,7184648099,mbarnewall8q@chron.com,5155520066,T2YBdiE9OQ
Brooks,5850541683,bdawley8r@marriott.com,3406070622,kCJh1PxJ3D
Philippine,8436907043,pmeachen8s@youku.com,6515711032,2VqH6Ct8P
Johnette,0245703365,jautry8t@ycombinator.com,6229972418,2ZGUxR
Fanny,6294758203,fkuhnert8u@paginegialle.it,6232707883,HTwE5Ya
Dick,0703168207,dwoodrup8v@dailymotion.com,4365085876,X5Y7zudKW1
Delbert,1457326051,dvelti8w@dagondesign.com,6528956461,oSPISUssea
Horten,5479740903,hbigland8x@tuttocitta.it,4743214629,7AlKqZ
Alfonso,0742751090,acoomer8y@seesaa.net,8454532624,V0Yp6W0A
Latia,3862150585,lnorthcote8z@springer.com,9327489200,2CGFzyqlmjo
Sully,1171121342,sdufour90@reference.com,9936949014,HNUuWucj
Andre,2847132481,arussilll91@behance.net,5574853197,YTf0QJpECQb
Giovanni,1497636507,gboot92@fastcompany.com,6824477682,Mp0PQhTzgEKA
Mae,8730653002,mtubridy93@studiopress.com,4174525296,PrYEx7
Jared,1416099255,jkeegan94@usgs.gov,5767457480,QKkkGl
Wyn,5948913767,wlangrish95@fda.gov,3492594757,ejePmJZMJP8
Shurlocke,0551069430,sdedrick96@webeden.co.uk,2889658329,IpTgBDz
Ashlen,6035422012,apoland97@mediafire.com,2209802857,jk7zTkahj
Daloris,5542707351,dbritee98@earthlink.net,3337764301,DcWzv2
Pebrook,3646229373,pmullane99@usa.gov,6693833559,diN1A24U
Glynda,0571704506,gslight9a@google.com.br,4512838042,YNn3fTVNEKU2
Mason,3276282143,mcorbishley9b@cafepress.com,3048869680,KiGQdhYCBSxA
Dulcine,2238741887,dpietrzyk9c@a8.net,7409696579,SINgfFROAj
Meggy,5783557021,mbisp9d@g.co,7059993897,whM2fCYGI
Lynn,9234015339,lkhotler9e@berkeley.edu,7735967455,BYupZz6Hf
Joy,2367003505,jkopfer9f@woothemes.com,5005472855,zU4n0sLEfm
Wilt,1105889580,wcreese9g@discovery.com,4969690515,pzdR4KXK
Andreana,2607780616,adickins9h@dion.ne.jp,4209694094,i77an3r4Rxr
Mendy,4438473764,mclinkard9i@usnews.com,4054792015,FGpgc8GA3lT
Myron,5456928116,mrendall9j@ovh.net,9591803232,bNxdSFp
Barth,9881133882,bjorger9k@reference.com,4469591111,cDxu4Nzx
Dyann,2938769156,dgiriardelli9l@jugem.jp,3647282331,www59xaW
Emelita,0728597772,enorthill9m@usda.gov,6618726674,fakqRXj
Jefferson,6275930551,jsaterweyte9n@foxnews.com,1928403184,Y9Ne1p
Gayelord,2818352258,givashnikov9o@spiegel.de,7131029333,P9gmmeS
Kelby,7444096864,kplowes9p@vkontakte.ru,6994454956,HYm6Ic4o4
Dedie,6765605614,dskepper9q@google.nl,4866774586,ufnkKkrMcJAU
Wilt,1657906329,wskerm9r@hc360.com,5659484498,pr6JJE
Colver,3091828913,czoanetti9s@technorati.com,7904749979,XCsbCtKWaH
Zebulon,8195680933,zcosins9t@people.com.cn,5248297161,HjQyrGgEP
Jaye,7667591814,jhopkins9u@si.edu,7509103606,ed7KgXDavhci
Merridie,6756880489,mstacey9v@psu.edu,9476617757,aEeJSV
Matthiew,0759642702,mcrocombe9w@issuu.com,6801329163,Sug6hFxT0A
Che,2477448013,cthandi9x@psu.edu,5516040428,sXz5LZqVMQN
Austin,7611514105,ameineking9y@europa.eu,3549487466,AzV2xwvVg5
Murdoch,3104358133,mpaynter9z@virginia.edu,9425265635,UHih4HK
Hermann,8737854712,hcummingsa0@cmu.edu,3221211659,abZoKsA2
Stewart,9280226355,sgrimsditha1@is.gd,2248100202,9vhwrjrUEYL
Virgie,6087831991,vniavesa2@tripadvisor.com,9574915565,zifH51i
Windham,1012620301,wpattissona3@mozilla.com,1713629842,0MxPPfvaeY
Charla,0093648707,cbruyetta4@people.com.cn,5781486448,Fan4OmQZ
Hobey,2108923497,hrabata5@goo.ne.jp,8499055417,zQN9fEha0
Everard,9123209402,esmoutena6@canalblog.com,8331474916,m2QbAalDIG
Marve,8638016646,mbeyna7@cdbaby.com,2878458143,jiebzjxAgTSk
Shannan,4775392115,stetlowa8@typepad.com,1897322385,CujMWCbSkFC
Llewellyn,9107220685,lgimbleta9@bigcartel.com,4062837882,XKrgsTWCA8aR
Weylin,6245230306,wandrysaa@nifty.com,4132884115,POu0q144
Karlee,9920403326,kklaaassenab@timesonline.co.uk,9912109740,Ma6BPpB8Ktxl
Bryn,5418511726,bsonleyac@feedburner.com,4026952608,hM6v16iF9
Loni,5995423681,ldomenichiniad@jigsy.com,4873176695,cg5jcw
Giffer,1512637807,gburchae@is.gd,3924314186,HWvWtCfZILGy
Danit,6560631710,dmcpakeaf@multiply.com,8036712254,kTeCfHgSnfSX
Doralia,5136103329,dwessingag@bbb.org,4797727988,l85XTd
Travus,0178201227,tfeldmanah@msn.com,4669834629,CiZMjG
Papageno,3788358483,pvaadelandai@sourceforge.net,7753870438,AIGmbGc
Dickie,2140147936,dsperskiaj@forbes.com,4375755240,KLMjTtwwzz4
Nerita,8018725322,ndymokeak@unesco.org,1741491567,TMlHmxbb
Dunn,7146498549,drobbal@techcrunch.com,6553054457,WOn4GmQdv
Rolando,8782012385,rdikelsam@cnbc.com,3327233655,Y9z6NGuOnA
Stesha,0923818863,sfrankesan@who.int,5772375357,wW0LDJcaVK
Adrianne,7806059644,ascallyao@cisco.com,2072008593,3XzmUGq9JwF
Issiah,4801706363,igilksap@alexa.com,7361437227,Kq3kPo1vgDDd
Terra,4907714432,trubinekaq@unblog.fr,7061586650,tlDRTZucOMDZ
Jaimie,1678183008,jfrancombear@istockphoto.com,3788194950,opJ7n5CUxa
Letizia,6206024407,lrabsonas@ihg.com,7304347784,oDRqJX
Warden,4829737328,wdonglesat@theguardian.com,7669565145,24UGZ2An02F
Bertie,7733529514,bricholdau@amazon.com,9731983942,ney3BaxGuYM
Haven,2240980354,hmeineckav@constantcontact.com,7216623617,1ZOS3Up6
Laverna,7653835295,lphlippiaw@wp.com,3844929801,kQXKW83m8
Harriott,5952378323,hkasherax@dot.gov,6236299745,PAONBTD
Clerc,3898580296,clouisotay@dyndns.org,1624299152,DUliNAll
Neron,6182453753,nalmakaz@ifeng.com,4041180771,kWdphcrcsv
Joyann,8421782835,jsaizb0@rakuten.co.jp,7086759290,1YsKI5
Travus,6270455413,toatleyb1@vistaprint.com,7996994462,yJdzdy1
Angelia,1821546695,ageldeardb2@parallels.com,6033521751,h8x0rfwCm
Tommi,6395763725,thanwrightb3@theglobeandmail.com,3923204601,jcA3ubYb
Francoise,0404817203,fpaulab4@delicious.com,1385995410,aw2YWawcrkFq
Gideon,3143914653,gtrymeb5@ovh.net,3402845170,lUtFbUi
Lolita,7991234487,lkaasmannb6@nifty.com,2678726465,tTrjv3fg5fN
Chan,1692037595,cdunseithb7@canalblog.com,7682881933,cZ20PNBcYugv
Calli,0973546557,csumersb8@nationalgeographic.com,3357607944,ldZj0mOPVK
Zachary,6805452430,zbouskillb9@army.mil,7696548622,b1CIm6meof2
Brittany,3296448861,bheymannba@fda.gov,7405408870,2odwncC8
Clair,0767035925,ccoxallbb@upenn.edu,3147686171,8COuwU
Ardra,6399258162,amantrippbc@seattletimes.com,1953706810,cr6iwYYdXbO
Keslie,5687851909,kminchibd@discovery.com,6135015279,BiiMURZe1P0
Sadye,5986460782,sjodlkowskibe@bravesites.com,1624019215,Nf0T5YvTnLD
Camilla,5687752382,ckersawbf@myspace.com,4553532742,Y9riNbo
Parrnell,5616024082,pbromidgebg@vkontakte.ru,1107792310,9oudhsPhkmV
Lila,8996907642,lgiraultbh@thetimes.co.uk,6121744063,OWS4nOH3un
Alverta,5871528872,aorgeebi@slashdot.org,5834268333,fOGqH3hZA
Lark,5227769974,lwoodruffebj@hostgator.com,7862133696,ukzNi4H5qK
Thomas,7393474093,tashenhurstbk@archive.org,9501440161,wSM913uqcrfk
Anabal,9854587541,amacenellybl@naver.com,5681091087,on6bKvb
Hadley,3286461121,hwhithalghbm@amazon.com,6983318301,3yX9d7THVd8e
Willow,9971830728,wbortolomeibn@pagesperso-orange.fr,8859932019,6f7NoF
Madelon,0608438529,mainsliebo@howstuffworks.com,8165132633,5RTGF7aLO3K
Danny,3856826580,dpeggrambp@nationalgeographic.com,9568509477,58LhJVCe
Issy,0197418090,ismithenbq@e-recht24.de,8925425307,vtjMIT79P
Randy,4668212547,rkoeppkebr@ameblo.jp,5175722706,TOp390WErLw
Egon,5283517519,eridehalghbs@jiathis.com,8338055095,NDYbjvLMo
Leigha,5608241045,lboamebt@java.com,9161893451,mdakgQz19D7
Lauretta,7678730586,lpuseybu@delicious.com,9388365611,8L7EWPafEgbM
Maureene,6779526436,mchatebv@webs.com,9702456003,ZCyHpJGdFi8z
Lavinia,1050809556,loldershawbw@newsvine.com,4643764462,HwKTUfGq
Sharity,6453876434,smalekbx@topsy.com,4445879032,0EAR3cZc0O1
Damiano,9391903320,dfulkesby@behance.net,8986104152,drgAfP
Lemuel,9306128282,lwhittallbz@hao123.com,4319315142,niGLOJv3q6OV
Mildrid,0670497401,mdooganc0@auda.org.au,3497596122,4JbwWt
Darlene,2127113713,dcheethamc1@upenn.edu,5154978198,sPTfkGI9Hlhv
Glynis,7120397516,gbalnavec2@cyberchimps.com,5551131762,SqszT3HzgSD
Evelyn,5269300753,ebradleyc3@wunderground.com,4291798737,cn1fp0NO4
Cristabel,0495236241,cmcconnellc4@comcast.net,1412555159,Wj0Nz02XmTF
Sigrid,4025895218,sthurskec5@i2i.jp,1419574220,BX9AlN
Cherise,7613910628,cgrzegorczykc6@nhs.uk,3399227798,DNGFx5HPoNgr
Alonzo,3804432239,agriswaitec7@weibo.com,9425067617,3OTltw
Clair,5257325500,cdennistounc8@adobe.com,9861953736,rGCc658Zz
Maynord,4830855592,mninottic9@canalblog.com,6651258743,nJIHzyzw0l
Ethelind,3714654402,ekienzleca@reverbnation.com,3831099462,iraYYLv
Emlen,0342795759,ebrowettcb@ask.com,9255960767,zXCBRkW9t2a
Vivien,4320463048,vbiggencc@deliciousdays.com,3611919503,3IqlEjjJTjZJ
Inga,5920135816,iwicklincd@addtoany.com,2561713845,bDmfgZ
Nicko,2094662942,npigeramce@dedecms.com,8339610681,eaY9j2
Bellanca,2585553841,bfairscf@networksolutions.com,5757929488,6TcrPwzQ9UJi
Jordana,5207334131,jbibbiecg@newyorker.com,7077278149,hWO8IVTZ6Lhb
Gilberta,1091368384,gcrosscombech@google.fr,9527816675,a1KkLD54bn
Nellie,3487975254,nmacdearmontci@sun.com,2807104009,25cvbjD8sliE
Margaux,4871154602,molenovcj@simplemachines.org,5879683040,r2lBHfrKs2m
Missy,7441786568,mmorcombeck@harvard.edu,3468533167,vjXnF1AHZ
Natalee,3452168344,ngreenhalfcl@sourceforge.net,2398879315,x5m7ea
Ty,4779401984,tpurrycm@sfgate.com,3968392789,IXGp8UnmRz
Vanya,6663094521,vlowreycn@wix.com,5187671043,OUvpIf2
Kristofer,7160841069,kberthonco@nbcnews.com,6891828427,A9mu79EeNYg
Bernelle,4550713054,bwedmorecp@imdb.com,8824964151,eI3fenv
Ingmar,0039281655,isaynorcq@hostgator.com,1014943490,P8vUkmueF
Del,8109982565,dsergantcr@cdc.gov,2601627733,WAyGZcx
Ulla,6074664153,usalvatorecs@youtube.com,3887164817,H1EmukX
Perry,1896697208,pdimitriouct@shareasale.com,7848827175,pTNWVv68Hk
Dyann,1899413383,dhulettcu@wunderground.com,1737759709,GsNO9cE1ont
Gard,9942913858,gtilberrycv@redcross.org,9996891869,ssdXCLLtjUS
Olia,9949691389,ohendricksoncw@ft.com,6361960767,1UydmhF
Thoma,9577831826,tadriencx@cam.ac.uk,7187879745,0eQy692o
Buckie,9263463360,brumbelowcy@is.gd,8818045464,ArBGm6j
Maure,2143522657,mfitzsymondscz@statcounter.com,5277541809,xbnJvGj
Augie,5777153283,aorrockd0@usa.gov,6197403769,3XPKcX
Adela,5199526413,acryerd1@rakuten.co.jp,5383281212,URs4ITPymKhn
Steve,8673410495,sstratiffd2@utexas.edu,6459360271,fUBaOX
Justinian,8018377286,jhewsond3@elegantthemes.com,5895873651,bqZwXJDk9l
Linell,6678678907,lticknerd4@squidoo.com,6711442897,k7EDkYNeXK
Annabella,9651192283,aanderld5@fda.gov,9444214830,t8pPIiBRcjE
Evangelina,1820993590,euriand6@cam.ac.uk,6528619796,mzk3fmQy6AR
Evelina,4164913819,ebesemerd7@sohu.com,4435134705,XCHcolv9rl
Daisy,8240749208,dhuckind8@thetimes.co.uk,8289997748,xKdHvAA9PUI
Di,1028268327,ddulwichd9@buzzfeed.com,6958446517,l5WJ6O8
Jephthah,1172149143,jdommersenda@irs.gov,3398923446,EJs0wxYRP8
Jarib,7001055174,jnorthgravesdb@sbwire.com,4484692612,kiIMA3zHmvr
Jeana,7713974156,jcoursondc@smugmug.com,6539825183,2nsljlBFZkDU
Rocky,2670378927,rmcvanedd@psu.edu,2105480060,PcyE81YFQ8a
Alvera,4838533667,apelferde@vinaora.com,8173682304,lbSBTv
Alyss,0787702021,astanlickdf@google.com,2705098485,NKJ608jjdHF
Alaster,4458058533,apimlottdg@huffingtonpost.com,5054265790,5jwPzBAnUh9
Miran,5248363500,mnipperdh@mapquest.com,8128200321,PBCnJB
Pansy,2777968551,plimbournedi@cafepress.com,2081023000,XL3A4bI1wve
Kameko,5415422153,ktrippdj@mayoclinic.com,6365170438,BAJyqWRAtE
Delora,4814405936,dhalewooddk@typepad.com,9383058786,689r3zSqs
Jeanelle,7452900588,jpinkstonedl@g.co,9257969586,MD0LTT
Ryley,0538422718,rchaldecottdm@mozilla.com,1696986785,xRH5yFJ
Sigrid,3653270715,sollerearnshawdn@mit.edu,9184225678,gmKOHz3U
Gratiana,5747849719,gohoeydo@fastcompany.com,9154492209,gH4ZzHZkpqA
Nappie,9088237301,nbeverdp@t-online.de,1875880561,ZwHY3hs
Peadar,8439860412,pboddamdq@github.com,2252527502,AnvTGtSs
Melonie,9730454388,mtrusselldr@reddit.com,5143673701,7VVrfKDK3
Sigismund,1522398015,scommussods@mysql.com,5674143330,rY0onlSMWh
Caroline,9438571418,ckensittdt@kickstarter.com,8794283027,6kTbKKHQxL
Breena,5367396356,bleagasdu@engadget.com,8114954740,qWbo0u
Alex,3681522790,aklementdv@livejournal.com,4521659329,H5fswJuAb
Harriot,2581980621,hgiraulddw@1und1.de,5106135055,bAdSzgGOai7q
Stacee,5521924353,steaseydx@issuu.com,9624132898,FO14h2hilJ
Etta,9672086326,edoverdy@bloomberg.com,1151258169,RhI3dgZ
Netty,2010417062,ndealdz@skyrock.com,5673025729,ytdQlDfS
Les,0431134065,ljeannarde0@tripadvisor.com,4956073719,Z0XU16eoaLi
Merrilee,0651242800,mdarlisone1@jugem.jp,1513421740,LBUii5vY9I
Price,4720343422,psuareze2@squarespace.com,3608478904,OE5EtnQ
Krystal,6416079593,ksilburne3@tinypic.com,4031694418,CYNMsX7djXTo
Edsel,8551985833,emeatese4@biblegateway.com,6802698399,BWFgZdb
Norri,7355256572,nhillburne5@multiply.com,6863504724,qOyoW2yApQ
Anabella,8602346867,amenichinie6@google.co.uk,9938285577,uCNdcOPzc
Sula,1044614552,srippone7@goodreads.com,9044080669,glkDCIAYRr7n
Vinny,5479968009,vmertone8@ucsd.edu,1924460395,GIz9HI
Kennedy,9977313857,kjouanetone9@disqus.com,2857120543,VeVsAl
Rhiamon,5162466352,rkillinerea@icio.us,9625786658,pSRxRk8llC
Leighton,9171726594,lcharleteb@php.net,8901745941,SicNUtjfd2jC
Erek,3284023100,ehogbenec@umich.edu,6581861925,h9Z69lCGHta
Garrick,8542578325,gdrewcliftoned@china.com.cn,9245118822,6Ti6qCo4y7ov
Elnora,7086659878,ebonnoree@msu.edu,5754276100,SUQl3WzUKQw
Bridget,5609120810,bcamellinief@prnewswire.com,4268947847,W3Pf0H9OBm
Drew,1163479853,dmedgewickeg@spiegel.de,9244119354,6nDC1aCFytlZ
Jolene,5400591922,jhuxtoneh@nymag.com,7615440136,nbP1Vtgq
Cazzie,0539011096,cindgsei@4shared.com,7267622952,4FatJKkTNg
Gizela,4350500758,gantcliffej@tumblr.com,4905179703,RhKQ5v7SjWh
Dean,3467092829,dmilleaek@bravesites.com,8221260389,Am3SBNq
Iosep,3196133672,iwindsorel@hao123.com,8735408897,EFiYYx8
Bartolomeo,7936963847,bhansmanem@a8.net,7429216768,ZS2YjpRA9JR
Dedie,5521546804,dharralen@soundcloud.com,8028423066,uUJhf16h
Zondra,8714125544,zlivesleyeo@163.com,2353506655,AZFpj1kkj
Stevena,4263039491,ssaphirep@google.ca,4493289832,psulee
Sigismond,9418707578,ssilliseq@google.cn,7525869636,rYnubg6g
Clarine,3182740105,cdormoner@state.tx.us,2682369785,smw9BmUU59YB
Aeriell,8421364758,atayloes@mtv.com,5797602724,HWS6B85t
Jozef,8643661791,jberriballet@163.com,7589524236,9RQqtKQBhlbh
Bourke,1299930336,blippatteu@smugmug.com,3208819472,MSv7KnX
Carlita,8201385675,cchanningev@goodreads.com,4942994866,EXDOhKe
Arie,8476949332,awaggettew@paypal.com,3619998781,7NMHOW
Florry,7734576699,fdenmeadex@spotify.com,7061022924,CuBV1p
Caresa,2634006489,cgraineey@e-recht24.de,8718610074,SELCS3g2XMk
Elston,5772961314,ehyattez@people.com.cn,1052046610,m6foGmbaCSM8
Christy,1742529364,csirmanf0@newsvine.com,7937584482,S2mWXf80N
Elnore,8116030507,emacwilliamf1@drupal.org,5952292920,OPE7i4
Taddeusz,7715616753,tocullinanef2@dailymotion.com,1636060924,fFLDyppBYM
Randee,0782211372,rporcherf3@slate.com,8989219250,fNqgEvU
Rock,3995816827,relgeyf4@howstuffworks.com,5127587572,SicdaQ
Chrystal,3006042514,chardingef5@creativecommons.org,1229254464,tZL1lA8Cr
Kiersten,8750107194,kmaddrellf6@twitter.com,8507647584,jnvOd1xmz2Z
Del,5677587672,darmatagef7@prnewswire.com,6269108396,6pj4dwJQWQJN
Adi,7407223165,acurrief8@digg.com,5427387089,wcDt84Fnw15Q
Griswold,5870888115,gavramowf9@blog.com,4869597345,PA2JeCSS7z
Barnett,4972714921,bkayefa@shinystat.com,5827626361,XdLoqA
Franny,7292754422,ffishleyfb@diigo.com,7734460124,EPycPBHESZu
Corbie,8768440340,callsopfc@dot.gov,2734395895,W4wPReiYU9Sq
Bary,9086329519,bmelbyfd@rediff.com,5213040942,tqQivheinwtn
Libbie,2983057186,ljeannotfe@sourceforge.net,5403622559,iP14UO2
Charmane,4101393931,cbitchenerff@reuters.com,1815427284,0NLHV8t
Alric,0867786817,acowlfg@vimeo.com,3493243575,s4j0hZfO
Arliene,3289948382,alindopfh@unblog.fr,1513825636,FeKQKgpBL7j
Rozella,3802447743,rcleetonfi@hc360.com,1535139536,4zKkK6Lrvv
Garold,6585043952,gbettlesfj@cbc.ca,1069489975,3TkIe3tS
Geoff,4203563623,gbendonfk@imgur.com,8466935753,RG4k17Nf
Dacey,2029261386,dschottlifl@ifeng.com,2336166246,pscYtWW3QI
Greer,7285688126,groneyfm@google.de,8956259135,Bq2uAP
Shelli,5400230504,slovickfn@storify.com,1924137562,bEQTXY6GPdK0
Lutero,9911470741,ldisneyfo@chronoengine.com,4122598560,ApKJsBI
Claudetta,0945577850,ccermanfp@theguardian.com,8706543695,ik8eSNcnF7Tu
Graig,4322219594,gnottfq@scientificamerican.com,5199300872,jW3wWHIr
Clary,7425987619,ccavendishfr@lulu.com,3832188792,18aS3aC6TIk
Milena,1946914878,mtedridgefs@berkeley.edu,2473176069,jdXTUEeri1e9
Dorie,3017634213,ddimmneft@ebay.com,1394019676,5XIsk6lK9x
Jolie,8933353658,jmoinefu@yellowpages.com,4357260432,85tOzvmovY
Mahmoud,0009771018,minskofv@harvard.edu,9854368550,axCm2VIvFP
Hannis,5669782747,hbernetfw@printfriendly.com,3832547517,dpIliHdB9
Jacquetta,5793839224,janfossifx@answers.com,3947300298,8LY6oQ
Pavla,4100280475,pmawdittfy@usatoday.com,9667131591,MNo7vrHKAmD
Dulcie,8879380303,dferriesfz@wix.com,3066009952,TyBjAbB
Augustine,5375060310,adisbrowg0@ezinearticles.com,9573207036,HSNTBov
Brett,7658042455,bduellg1@wikispaces.com,4788111008,2zDTdTgnPDU
Giuseppe,0442180934,gmordantig2@biglobe.ne.jp,8363765770,VtXsN4mo6
Ajay,3156114413,amcculleng3@deviantart.com,1767640805,1pJme5lS
Gizela,1887050477,gscallang4@goodreads.com,2347694982,KL0zLOz8Ucx
Iormina,0877559570,idodswellg5@friendfeed.com,9444013852,bYTKx7t3mv
Wang,7444565279,wjennrichg6@desdev.cn,1598278205,9e02tOt5Kasb
Giselbert,0637583817,gmcclenaghang7@walmart.com,9457034545,QBl05sYyjd
Koressa,7858063871,kharloweg8@friendfeed.com,7576044375,RisRDYRBUj4
Jeremiah,6515022999,jstranierog9@biblegateway.com,7146453523,PTgH0wTjp8
Dede,5043109688,droulstonga@noaa.gov,7412821989,ZIJOrJHADD
Ranice,9209976339,rmacmichaelgb@psu.edu,6714469477,LbfC1w9
Bonita,8141542095,bbownegc@engadget.com,3167709503,dPAIylsT75
Evangeline,3269676484,edelacotegd@mysql.com,7671990663,zVRa5P7HsRF
Merlina,7588084855,mmcblainge@prlog.org,8655605572,1vpmSWdIo
Brody,3321172399,bkosgf@tamu.edu,8958787173,UU2Nsu6tbem1
Olvan,2585986993,omardellgg@dmoz.org,8627817684,0XlENDFcTs6
Alisha,7284009209,abrobakgh@shareasale.com,3299621074,pAH6xjxJ
Skipton,5109611289,sszymczykgi@paypal.com,3932494611,AwYAoPO2
Marketa,1683550293,malgoregj@t.co,3625751961,jZ0CCEeSV
Jobyna,9508208325,jsievegk@foxnews.com,8567300438,CazgJo086
Martainn,4503982273,mjaffagl@house.gov,2893922353,xXuQGewHew8O
Augustine,7450223570,adelmontegm@digg.com,9676025870,m4GtGPQo
Laney,3798256845,lfattoregn@patch.com,4833458832,I5JnN6
Stuart,7921245102,scorrigango@list-manage.com,2257883114,lworVO
Annissa,6029148117,awhewaygp@livejournal.com,2357310519,3JRwo7Li0c
Pryce,8362740256,pmcsherrygq@sun.com,8617179961,5SEi9d2VT
Frankie,8418839228,fcroisdallgr@latimes.com,9978188663,eYFYbV
Willard,1477557261,wsaicegs@163.com,2149113418,1kBR6Nm7s
Rivi,5846917836,ralekseicikgt@alibaba.com,1455353374,C1TcsGG
Corella,3830501579,cknewstubgu@miibeian.gov.cn,4621467261,H38PXPK
Almeda,0961145455,arodenburggv@reddit.com,2054762997,bAHEZtpZ
Elysha,8533294565,estorchgw@google.com.br,4947507183,5MRsQKF4H
Franchot,1889318507,ffrankemagx@about.me,3275158232,RVzziyX
Law,6856340672,lwoodyeargy@ifeng.com,1831212559,aEyFjMbhDQy
Kaylyn,2208344596,ktrinemangz@homestead.com,8721950205,xE2bqc2Xjs
Tootsie,0543099717,tlarrieh0@skyrock.com,1979265504,i4STjnKe7zxq
Miguel,5496652413,mpoyserh1@vkontakte.ru,6005547630,NrwC1ddBqbk
Caril,4198642761,csamblesh2@berkeley.edu,1732635901,C1rPrHAs
Opaline,3818584702,ofiridolfih3@themeforest.net,9777748183,Q7kGslk2Mw
Cecily,0026171406,cstirmanh4@sogou.com,2438360259,o81egjIAC
Mirelle,4636210921,mpatriah5@howstuffworks.com,3724438484,ieB8Va
Norri,6184718134,nmiddletonh6@hugedomains.com,5862371534,9xWYP9LvJiN
Shaine,0570834287,scurnnokkh7@gnu.org,9023754636,6XbPftnq
Rafa,5271451577,rwindersh8@indiegogo.com,1807144657,z1uPGsnBSGNh
Waite,5284109031,whanrattyh9@zimbio.com,8807991913,rtglv58z
Berny,8009940968,bdybleha@joomla.org,1559713113,99kOVNP
Brendis,7102456271,bheveyhb@privacy.gov.au,8334323286,74Jzo4V
Rodolfo,8498386950,rkienzlehc@omniture.com,4421977777,fCBiAa8n
Barry,3529039071,bfinnanhd@springer.com,5772889550,NRlJgUIrhq
Reeba,6645085540,rnursehe@twitpic.com,5138562774,xHomzhiR
Eddy,0284568732,etomlinshf@blogspot.com,2759343174,hej6QUWJ
Danie,5034137844,dbaskerfieldhg@bluehost.com,1631895663,lSQcj8
Vinni,5659576869,vclaphamhh@accuweather.com,7769490589,wasEXLz
Odele,9524070871,omcwilliamhi@simplemachines.org,3647179612,xhqp5EV
Cathrine,3947972008,croofehj@facebook.com,7138896175,iZuaNY7sGnn2
Kitti,2942766778,kwolfehk@columbia.edu,8301606513,YF0mzO5kHX4
Agnes,0591209047,aledgertonhl@domainmarket.com,1853638737,6XOiWd31ca
Angelika,3867613656,acapenorhm@bloglovin.com,6968216665,uKH6bS1
Gilli,0470819251,gboothebiehn@squarespace.com,5131371522,ylvyWF4G8Yai
Travis,6901048041,tmalkinsonho@army.mil,2396202379,SMJvAtBeSZMU
Bud,4492164669,bkarolyihp@fotki.com,3528561296,YrOXNDht
Eyde,3752443510,emillandhq@joomla.org,4694281602,ofLor5Nl3q
Gwenneth,5092432810,gkalinkehr@constantcontact.com,1439359694,SK1asYb1L
Joanne,3553164158,jbaggianihs@japanpost.jp,1677215817,8Oupd0
Odella,9880021754,otimbyht@booking.com,2326075237,DgJ7eHLcRO3
Zechariah,5298495966,zmansbridgehu@youtu.be,8373955892,zDbWf4
Hilliard,7965326841,hjoskahv@etsy.com,7096002812,IyVzjMhE0Qfz
Hadrian,9097426170,hwycherleyhw@creativecommons.org,6672813222,ORAKq7cMKEe5
Kip,8955424701,kdespenserhx@cyberchimps.com,1592300920,D19i2DN
Matilda,9653187910,mseacrofthy@columbia.edu,4937225319,F0IP08C9rJAz
Fonzie,2747169154,fgringleyhz@fotki.com,7501475856,ceNyGGe3i
Lishe,8014730127,lswindellsi0@google.fr,8298425589,ppvCoGU3bf
Evie,3191800891,egladdingi1@acquirethisname.com,9227010822,bCjMzHpYM
Marylynne,1351661205,mcarrodusi2@google.fr,3385295534,gC91EJ29U
Jethro,4684249883,jhazemani3@microsoft.com,2671496337,II4dVaQe
Gorden,3749787980,gjestei4@oracle.com,5788294134,HDto1tV
Auria,0865623392,aleaki5@auda.org.au,1819935282,VYphnNENu
Nathanial,0445902930,nnotoni6@reuters.com,5532214111,rWHAd35UZndt
Chrisse,5950965515,cmackenneyi7@europa.eu,3617483059,iMKjbw
Kirsteni,3201140708,ksawdyi8@psu.edu,6221830332,fqFaRL267k
Roobbie,3353531688,rchildei9@forbes.com,3773740108,Onaj50vUkW
Clemens,3943783111,cwickersleyia@hexun.com,9325315029,sBzidUizl2
Robinet,5752100259,rhuscroftib@thetimes.co.uk,4825769386,YOv9qbz7iMI2
Domingo,4369485932,dheadleyic@hostgator.com,4519176901,DbG4cfl1trI
Alis,8062995925,apamplingid@businessweek.com,9359977949,n14KRaJ836J
Clotilda,4328441132,caylwardie@unicef.org,2952666490,GWcVd3
Myrwyn,2510239120,mwoolpertif@blogspot.com,6385885224,Tz4kL0tssqvz
Lay,0387558020,lvictoryig@opensource.org,6789326135,wJENvNtaY
Dix,2836521422,dclaybournih@google.fr,5675705539,sn3IhPt
Cordey,3925486720,cjulienii@wsj.com,6459822414,UVPsiZWqlI5O
Jacquenetta,3159206548,jphilimoreij@freewebs.com,8171635038,0n8wdyjoi0de
Hermina,0446042293,hcuniffeik@sitemeter.com,9515550358,sDp9Fyg89
Vikky,5839380601,vgladstoneil@cdc.gov,6774010804,ISp3WVBGQ2
Artemas,3337874274,agherardesciim@pagesperso-orange.fr,3883159256,1o7zUDAx
Nerty,7153659935,nbraunein@odnoklassniki.ru,3507288421,8lmfjK
Elsey,1817940848,ehenrychio@theguardian.com,4717122777,A8ucKTbiqE
Lonee,1088626939,ldellarip@twitpic.com,9915117943,rKA55q5Tm
Bea,6944879999,bcorwiniq@uiuc.edu,8778277585,dsPoaE6Ut1d
Darill,7635367110,deskrietir@nsw.gov.au,5876484081,yOzssF81T
Cthrine,0732665582,cvermeris@joomla.org,3105526849,DxcYPULjo
Ches,9997601823,clenchenkoit@slideshare.net,7134723016,FrND0TN6p9a
Gleda,9711702630,gbueriu@sciencedaily.com,8534067876,yoRjPLzY7LrL
Dannie,8323484228,dgrebneriv@tinypic.com,8005503235,q1tG73kYT
Marthena,7278601452,mchinnockiw@craigslist.org,6117262447,Bpyd8YILe
Adiana,3727604247,afredeix@bing.com,6543671332,zLfKeU
Svend,1117419398,srispineiy@ca.gov,5167912772,3DWACI1u5e
Max,9494098498,mandreoneiz@drupal.org,1098394411,P2yzA14
Albertina,4990091094,aerrickerj0@mit.edu,5293411061,DT257Sa1RuF
Serena,3537543077,ssloeyj1@wired.com,5798932367,94vm9QuSoOzM
Virgie,6062495122,vallisonj2@woothemes.com,7892075391,6AyhCtN7
Germain,8145907845,gwildeyj3@webeden.co.uk,5171042952,WN0z220OHL
Karel,2670661505,kfandreyj4@google.it,7689507664,niZwti
Jacenta,9291205427,jjaffrayj5@craigslist.org,4445142366,uWUihCCv4
Allianora,1814328696,adjokovicj6@weather.com,4694381673,4CTyUMu
Jaime,1464874565,jstaterfieldj7@slate.com,1146334513,P6L46TC4VFM
Royall,2621199364,rsyddonj8@360.cn,8942518421,9I8CTdN5c
Davy,9837638788,dungererj9@yellowpages.com,5359339602,vfneoDovLZ
Vaughan,9526522168,vmaccrawja@clickbank.net,3157414389,pKWMQ6kOfwPi
Drugi,6990702303,dblanquejb@weather.com,1645476152,eweydV15UmWW
Kilian,1763391183,kdickonsjc@163.com,9855963419,FP46VD9GEZ
Bambie,2952186804,bshelfjd@nasa.gov,4221317971,29pdK6JYU
Carmela,3737923612,cgonthardje@wikia.com,8729995990,t2cwWtFZVZT
Glenn,7613220893,gsawyersjf@ehow.com,4917131574,plJXNPxo8pHr
Fanya,9112411574,fzelleyjg@last.fm,1806991859,cCEARi9dT
Zoe,3218474604,zfarlowjh@msu.edu,9117358795,FOF2MmxUuyR
Nollie,8881962330,ndaymondji@google.com.br,2584731285,V7YoO0SL
Ilise,9399343421,imurrhardtjj@earthlink.net,4909145966,bGsLE9IEGEk
Terese,4875400217,tmoraisjk@infoseek.co.jp,4111367077,0BxRF6se
Fay,9728504640,fleblondjl@cloudflare.com,9419476757,niFOY0
Noel,1259299880,nbjerkanjm@fc2.com,5803818586,yIiz6THjSsIY
Giffer,2366263511,gmarinerjn@bbb.org,3985160382,dO83dBDPV
Adriena,4762574260,achansonnaujo@paypal.com,2065471518,E9KT7Fs3O
Reade,4560961832,rmcilwrickjp@freewebs.com,5323976403,dNF561nxF
Ollie,1978802153,okalkoferjq@unc.edu,7401118389,J3EhBB7v6LT
Marcos,4012368508,mhowkinsjr@arstechnica.com,9191150774,6aqosZcqX3q8
Mollee,8018422214,mturfittjs@foxnews.com,5777239515,cUHmufd
Cristionna,1076725058,cbalserjt@webnode.com,6814835792,MqYtdEyYY2U
Frants,9692359409,fbrucknerju@usa.gov,9013943335,X0iUPkHLD
Deana,1902389816,dmccunnjv@goo.ne.jp,5159579333,YA5QaRiPGQRf
Geoff,9683241670,ghollingsheadjw@twitter.com,3797267410,sXxFCyoTz14y
Goran,2755684186,gsondlandjx@loc.gov,4648459856,rXfIjIm
Mortie,8518677939,merleyjy@economist.com,8088573362,qSjXFT
Constantino,2695248253,criccellijz@jugem.jp,3848237346,CfWUoXCRnGXm
Corinne,5566716903,crowstonk0@marketwatch.com,6051124242,63wqhOTNt
Lucila,6245885442,lprestnerk1@netvibes.com,7388754619,3IGoPrfM
Tiphanie,4888569150,talcidok2@cnet.com,7948707437,33VDSZXX
Talbot,3533747743,tbristowk3@nba.com,9318213475,RJ5Afe429
Zedekiah,0262817977,zgilcriestk4@umn.edu,1522708732,XNR3ssIPPl
Matthus,5737401847,mnorthwoodk5@digg.com,7995254872,h2ob44fAR
Lesly,1293792764,lizachikk6@example.com,6045050049,dA6jjkeD
Millard,9731549714,mglydek7@army.mil,3356285754,Mmd4Ligh
Ola,9974986052,oweedsk8@cbsnews.com,2732423833,gDqYLy
Pen,0966666984,pcolebeckk9@fda.gov,9963083399,RYv1w0Zi7
Gearalt,9707039256,ggethynka@foxnews.com,2869470158,7TyQMidEKR
Roseanne,9440776536,radkinskb@goo.gl,9621875115,sz6R0xMVTCm
Marianna,8094105534,mfarlowkc@wordpress.com,6542786992,mJwl143Y
Woodrow,0334398223,wmoraleekd@posterous.com,3478414739,IIqEP8Pn
Marlyn,6552913516,mirwinke@goo.gl,3379310330,R31zEf353R
Aldous,2147352993,asooleykf@statcounter.com,3887682553,na52EMBC3
Roselle,1983993891,rohickeekg@nifty.com,2793909142,BKGOn2Z
Jocelin,3025070927,jspendlovekh@bbb.org,5481658253,lWDszqi
Eadith,7163120419,egrabbki@businessweek.com,6763271041,trWdzxceaGR
Beth,2620845947,bfrugierkj@wikispaces.com,3072559124,d5rrlxAkcG
Theo,2771699958,tallsopkk@etsy.com,8876241877,bynSmLHHmh
Portie,8292618171,pepslykl@prlog.org,5094217746,zb9WXmoJ
Mirelle,2857173350,mganifordkm@constantcontact.com,4925947319,pVnZkG7suB
Tiphany,3529969540,tthorleykn@wix.com,5956437120,BQZOwf9dO
Georgianna,6948613152,ggoginko@usda.gov,6992986273,rF3Hf0bdeW
Ewart,4331123928,ewhitbreadkp@etsy.com,1269075053,gGGM5JM
Jackie,0969648618,jschroderkq@photobucket.com,3935034964,EPKuVeEDIKAq
Danella,3600540394,dwebsdalekr@nbcnews.com,4057327721,8qSJfkZar8WZ
Humfrid,3474719114,hfippeks@rediff.com,7719382272,MJ5aaOf
Elga,8389392488,eferrolikt@miibeian.gov.cn,5056452145,MrJzpWCe
Alwin,8318091027,aizchakiku@java.com,6792182574,DXelJzPR0cAS
Jeanelle,7303783059,jkidneykv@oracle.com,1394709769,1WtlnN1
Dulcine,3923856199,dstationkw@upenn.edu,5029304741,29V2BqgtTc
Carree,8325905115,ckornousekkx@aol.com,9746121446,xkuGo5b85u
Meridel,9425038856,mstrangmanky@amazon.com,1948659461,xVWhYqakH1
Ozzie,1683280474,obidewelkz@odnoklassniki.ru,3414471197,sJrqh1gf5Tg
Winn,4255953589,wjellardl0@sourceforge.net,1334641814,xxcFvdj3r5
Janelle,5641810975,jshepperdl1@ed.gov,7956279322,v528Dx6rd
Kaine,7821913278,kdennyl2@slideshare.net,9016426479,jWpkUxC1QE
Aldous,9949992494,adibatistal3@issuu.com,3423749895,vWCdlzmXUi
Bonnee,7418492103,blohanl4@wisc.edu,3288538895,Nz2RBUe8
Calvin,8962614235,choviel5@who.int,7718105095,aLX3yfRUwp
Mathe,4112768222,mweblandl6@google.com.au,9002269318,vzoqrVxfUEW
Meridel,0246757264,mteasdalel7@dmoz.org,6415327519,FG8U86C5vJr
Baldwin,3539358439,budyl8@reuters.com,5281910449,6muYZlIOZ
Alec,6954454508,atrustraml9@squarespace.com,4592444106,qCZikjVu5ne
Ebonee,1586549081,emcwhinniela@mayoclinic.com,5114507515,BbOrXtgdCQ3
Lorelei,4229037856,lcollomosselb@chron.com,4611934551,EHOOVnIl
Meredeth,9643287483,mhurichelc@desdev.cn,8485947097,xIkPkA
Cristy,1237435633,ccootld@last.fm,7816690241,7VDazZJdkg
Elfrida,2161520040,ejeffressle@devhub.com,1252610226,mom6q7
Clementia,9308118160,comalleylf@columbia.edu,4422297236,qWTwaY
Gelya,3651755908,grangeleylg@apache.org,3784116655,l9kWYDP
Ronica,7882247995,rphizakarleylh@forbes.com,7355929440,e7rhVg6Po5n
Harland,9424683677,hfaradayli@hostgator.com,2569877063,bY765n
Carmella,4030965210,cdishmanlj@symantec.com,1593002889,Qm7cfZCzL
Sanders,4999486121,sorgenlk@clickbank.net,2246637126,nQlwTrqL
Marlee,6935284473,mjeffryesll@blogs.com,6349881588,r0wTtnj
Otto,3136635124,osafferlm@usda.gov,6594805158,RcwhVzyIF
Kordula,5019446831,kbritonln@dailymotion.com,7079517935,LJG5Uaso
Meredith,5575128873,mgwynnlo@aol.com,1809963467,NvazQXC
Charlotta,9841607239,chartburnlp@springer.com,6841005007,WV6NMAg757h
Florette,3687879321,fbooklq@narod.ru,4551698368,GySunyV
Paxon,4524931066,pmacallasterlr@printfriendly.com,6175936945,7sOWrmcD
Debee,6046012856,dzoanettils@wikia.com,7109151826,KZssOpgan6
Jillana,3380258148,jtrowilllt@flavors.me,8192819870,XeocAxpC
Dani,5620813703,dbarrslu@lulu.com,6258731167,ubi8jc8mdTjF
Rosemary,4942119707,rmishowlv@zdnet.com,4235054687,fkebbGdIJ
Francene,8051787552,fmcsperronlw@walmart.com,9792155142,iCiMWyHBni
Patty,4547297819,pmquharglx@state.tx.us,1293337705,xbqGp3TeDwo5
Laurent,8715951529,ljayumely@cnbc.com,2111870295,X4tuUXRWS2m
Monty,1733924590,mgalliverlz@pcworld.com,8944301357,tpX2Bm
Sigismond,7510138108,sfavillm0@state.tx.us,7164211406,4fxJ3uHJ
Terrie,9577279317,tlinforthm1@issuu.com,7273108942,JZULHqivBj
Ragnar,8042669690,rgreallym2@indiegogo.com,4125420674,YIMbDVxQ
Jarred,1136936971,jdivisekm3@gov.uk,5196724352,Xn2DlVGEPdjq
Cloris,2982383403,ckrystofm4@comcast.net,2821229247,WXS3nOE
Cameron,8526819240,csaltmanm5@adobe.com,8975916721,bsHH7m0gyf
Barth,7030620615,bgligoracim6@gizmodo.com,3385212716,e81Gk6
Willi,4910826262,wgiacomellim7@mlb.com,9332566946,RisYBTs
Imogen,8321465412,ivinaum8@comcast.net,2676700131,TEWHyHJll
Elvina,4507145600,eewensonm9@php.net,7655157102,DzqYkn
Josie,2117186548,jastlema@adobe.com,7328562880,itl9EyIB
Lenna,4944013221,lrogermb@istockphoto.com,3621601051,DarV3ALyam4M
Wyndham,6169583320,wantuonimc@woothemes.com,1012476001,xBBQt4
Tommy,3929566842,tgurerymd@yandex.ru,1898351906,hbh3SNPNa
Vinnie,3186016010,vpringme@amazon.com,6892085806,4TUs0sXU
Jory,4214448421,jquinlanmf@macromedia.com,9121624940,tyKlbD
Hurley,6450992921,hlongcakemg@adobe.com,2504058975,g9aTAJ3Gx9
Iggie,7501252734,ifaiersmh@microsoft.com,3262611175,KJsUGeyR
Kinsley,6019750655,ktomczykiewiczmi@google.co.jp,8392933041,xyy2rZ
Fiann,3821469072,fwhethermj@addthis.com,2528099553,2MtrfaN
Wileen,5705375891,wmathousemk@nhs.uk,9703606632,kXaherB7cFU
Kathlin,2341277470,krichardonml@freewebs.com,6653337308,gWqqVH
Denney,6562041120,ddytermm@telegraph.co.uk,1909072001,YHjJoyV
Lucian,1894502345,lloosmn@google.de,4706987627,yjyAq63ujku
Emili,2169276602,erickettsmo@reddit.com,4727146235,ighvKOAae
Veronica,5938019486,vdonnanmp@unc.edu,9935077432,OcbQ7ajW4
Karole,2929126744,kpurtellmq@howstuffworks.com,1766471757,VcpQtGu
Guillemette,0376997826,gendenmr@msn.com,5711478390,jK5qPbiYeko5
Dyann,3793233553,dcaenms@hc360.com,1911059192,5DPWLTSHyj2L
Farlay,3755351587,ffontenotmt@vimeo.com,9749971328,kwcKKAO4U
Jeniece,3205661109,jdennemu@friendfeed.com,1471500790,PLJcuSZQpsdz
Orel,8715443035,othundermanmv@newyorker.com,8699226920,1FyiNcM
Derick,6828763424,dmcmorranmw@wisc.edu,2539635774,g4eMYRxjBo
Kyla,3037168307,kboggonmx@hugedomains.com,4266694498,fP5YLHmn
Christy,4242396791,cmcfeemy@virginia.edu,3392779672,rNXKad
Reggis,2036854494,rweatherbymz@liveinternet.ru,5164067971,RCslOdBD
Maryellen,0086544616,mbellfieldn0@ebay.co.uk,9376537926,3ajumVeN6
Theodora,4355281450,tcairneyn1@qq.com,6341630372,FzZZCwP
Felipe,2237411530,fparcalln2@symantec.com,6108434318,xzXzVsIlILX
Stephani,3584475759,sslowlyn3@vk.com,6103337476,MCYJhQ5nVP1
Ethelin,3778988743,elaingmaidn4@sohu.com,8498794917,o1e0If8
Nollie,1264914474,ncrosern5@mac.com,6394773222,SbdmxbHePtE
Rebbecca,5850727027,rpietrowiczn6@army.mil,5984293847,hMvzuXNAocBm
Jewell,4066748848,jconantn7@last.fm,2894059752,5kztJ0p
Mella,4880166588,mjakubovskin8@toplist.cz,8355195961,afSKJk
Andrea,2849867780,acappn9@google.nl,6045719016,ntSkR8GepIXg
Bernadina,1464180490,boneliganna@twitpic.com,9097752846,CaL61FfsE7F
Emmit,3157906348,etrailnb@mapquest.com,3525939363,MSyLS1Z
Janessa,8746121226,jfeviernc@wiley.com,9016012043,yRW9x8Bb
Roma,3023878293,rbaymannd@mlb.com,2973934141,WnEZQrbJHgT
Joellen,5252854998,jrushmerene@google.com,9995258141,o6EnB6ya
Justis,7102287658,jdrabblenf@ustream.tv,6593576799,gDcsyV
Bette,9395191902,bewebankng@dedecms.com,9862863054,cquUfCe
Tannie,1242692908,tivanikhinnh@businesswire.com,4707900824,ByYxHGAvsS
Maxwell,2212687117,mestableni@surveymonkey.com,2084648350,ulSC11vB5Ds
Rachele,9115933970,rchmarnynj@ask.com,2088374082,LNJijrO8
Karlotta,6017212303,klahiffnk@surveymonkey.com,8842508243,bMAiYIfeB7
Phineas,7863981255,phaggethnl@wikipedia.org,6131524051,Dnemx8tJRG
Johan,6906779958,jperllmannm@example.com,3804260335,GlbCn9lXrJcm
Claybourne,6280437329,csivilnn@buzzfeed.com,4194338987,v7CLxjxIQX3v
Gibby,5836074992,gwhappleno@cdc.gov,3345392195,zqEdtuCMRjg
Myles,6838202212,mdimblebynp@amazon.com,5872587287,EdAvE7zRmQUg
Barris,7440515056,bkelceynq@elegantthemes.com,8154036202,Vi7w1mfWY
Dave,2940308705,dburgynnr@wp.com,9748047839,C8HXjq
Curr,7722402453,cdawksns@skyrock.com,4993921519,zizLPF
Neale,8683417662,nlindwassernt@sourceforge.net,8211467836,SRrkDN
Julia,0129915599,jmcguinleynu@moonfruit.com,7479365115,bezCmEc0rcDD
Jedediah,0888915756,jlortzingnv@smugmug.com,8956292460,OeU855HV
Brandtr,1141122820,bdrinkeldnw@hugedomains.com,1934968873,G2KZ26
Therine,1505352029,troosonnx@mapquest.com,9294144080,URwjM1
Billy,2182917071,bbanghamny@diigo.com,7628752863,RQEqS9
Lynnell,1656404168,lfaithornnz@123-reg.co.uk,5588464472,idLI3ahd5ca
Darsie,7643275602,dbeecrofto0@weebly.com,2689622026,gt4pKKP
Alyssa,2477154095,abarnewilleo1@elegantthemes.com,5482555492,jWiKpYCbU
Sharla,0771204949,scecilo2@icq.com,9477996945,U9M30FNA
Emmet,9127908089,epeskino3@soundcloud.com,6856753311,R4fxXMh
Katya,4417979421,kmewetto4@sbwire.com,9578134819,W0rbnZHvofwv
Merralee,5925653432,mheighto5@scribd.com,2514166541,ScFjbJ
Aurlie,1141127326,aribbono6@multiply.com,6254326139,qcskYopGBC
Georgy,5491236764,gkalischo7@dailymail.co.uk,6164050813,cxqmvhKmRto
Ulrick,3645940375,udaileo8@biglobe.ne.jp,8532898753,6lLkinhsFe
Kat,8896252407,ktassello9@hugedomains.com,1881235460,NokGYv
Saudra,3246447691,sashburneoa@cnet.com,6507950604,9NujJASP1M
Rudyard,6554293450,rpetherob@ucoz.ru,7587985663,GNzVadPQG
Rik,1084950936,rhewsoc@wufoo.com,3127263241,xPNoUY
Conni,7510488508,cbleasbyod@wordpress.org,3883110337,H4irSufqw
Deeann,2347070150,dhartrightoe@economist.com,3523264711,4wlaDD9nr9L
Thornton,7056871321,tkermannesof@army.mil,6801863954,W9Z6I1RXV
Madelaine,9044919083,mdaileyog@vinaora.com,3811805249,XH9BIrTB
Gisela,7768891961,gklaueroh@last.fm,7627777796,E8XswgaEK
Avrom,9403122420,agrimsteroi@photobucket.com,7092875129,ertrOUIOapI
Cally,7883295055,cseedhouseoj@geocities.jp,7034929476,pmUGWMVijS
Kristyn,5681574091,kbryettok@thetimes.co.uk,1769607195,G5g6awuJg
Ahmed,3174940346,apetrichatol@icio.us,2069117109,BdnQjA
Mayer,3683885122,mcorzorom@bloglovin.com,1155522627,uzoNJs7MQ
Merissa,2903678219,mduranton@lulu.com,2031216692,Y2yawgns6HG9
Gwyneth,9543970513,gspurginoo@europa.eu,2548806335,Lt24nuqdtt
Christabella,8284645807,cburbageop@flavors.me,8541453847,Bf1M77x3E
Arielle,8662382142,apentelooq@yolasite.com,1309877576,53EaQ49p0SDz
Britt,1824401078,bkitchingmanor@bloomberg.com,6618069510,5hJjEaMcRjS
Jere,5466532711,jjaniszewskios@springer.com,1994625465,0aQSB9tXfYD
Ruthy,0664703631,rcurrerot@newsvine.com,6823818879,XSYqIcq65vul
Miles,6786942644,mblakeneyou@spotify.com,5184770683,kqgJ5ljH
Diarmid,2189808766,dpinhornov@salon.com,6151934102,VwJ5JDTi4
Sonja,6896041153,sweddellow@joomla.org,5264701167,f3mT05YUzN2
Halli,1461813212,hspybeyox@indiegogo.com,5216371407,ph03Tw95l
Cosimo,6376787576,cstrongeoy@smh.com.au,2726508745,1HXzAp0aP
Yvon,0351362533,ynizetoz@scientificamerican.com,4247759489,rpPpgGE
Briana,8744238452,bpeyesp0@ifeng.com,9219136852,QwuYRWqPo
Reena,4849358101,rneathwayp1@bbb.org,5851340112,A8NHIWbZWF7A
Leoline,9691354438,lbrownleap2@vk.com,9198908204,H7O5sFWC
Karyl,6799769652,kcorderop3@nhs.uk,2854674043,yWxpR8g
Bud,2433327261,bmorillap4@joomla.org,6008381990,jRYTNSD
Mady,5869380502,milievep5@guardian.co.uk,2474238938,A0xnIeJT0
Blaine,0931378710,bibbsp6@craigslist.org,5087945076,KwnNCh6uXn5
Ellis,0970890494,ebessellp7@tuttocitta.it,3229582811,pAQvMwZ0
Roseann,7408914382,rsedwickp8@google.ru,8248701108,M1x2cYE3Fdu1
Lyndell,0142272876,lwysep9@twitter.com,4996074604,BXyMBGFF6Nw
Pryce,8135884168,pbrookbankpa@desdev.cn,8981740702,I4LBWFlvn5zr
Ingunna,2705432701,iboatmanpb@npr.org,8145441016,AAMzi1
Herculie,2715082703,hhelgasspc@bloglovin.com,4718988336,yAZMeYgu
Winifield,4298061159,wscoullarpd@miibeian.gov.cn,6353671589,Pb5XkmF6
Falito,2649197994,fbricklebankpe@msn.com,2428836323,5HJu3h5GUTM
Reggy,5191402324,rsomerledpf@businesswire.com,7585360082,g29wfl
Dion,2899003747,dmynottpg@blog.com,2954906580,Yadxm6ApzIg
Shadow,3639743318,scoulterph@people.com.cn,4201225167,0IaKAn
Nelle,6497584447,nfeldfisherpi@google.com.au,6834200426,HK5Vw5kJp5zp
Brodie,7498146290,bsabenpj@shinystat.com,1833232355,E66n956uEuN
Lizabeth,5804565222,lstoakpk@yahoo.com,2636030303,aVANxcpGh
Flossy,5442708232,frivelonpl@wikipedia.org,2327729546,ibh1e18x
Saul,5998645774,sbissikerpm@unc.edu,3134695496,Zbhi5kV6zULF
Glori,1711565237,gcrowhurstpn@forbes.com,9786979883,3lVkdkAra
Lawton,9825766891,ltinstonpo@ox.ac.uk,2908039110,eQGYWD1iGcGL
Eleanore,9002697996,ehardawaypp@furl.net,4594445125,kAZO1OcS
Zaccaria,8135630115,zhagguspq@loc.gov,9735775833,F4SzvT01nul
Dimitri,9940851839,dfleethampr@army.mil,2167523687,QPh3unUBFQ
Morly,7783008720,mbayfieldps@oaic.gov.au,4564510009,E1gUTXMH
Gris,8678741589,gdadypt@mapy.cz,2444573857,TzbRAeckC
Ealasaid,5325415999,ewaistellpu@elpais.com,3634660067,iaCZgotuOL
Patrizio,6280971287,pharraginpv@independent.co.uk,9419780144,8Oitfyh
Evvy,6357239208,ebellochtpw@webs.com,1376497677,ZEGgDh80I
Saunderson,8430168648,sparidgepx@un.org,5115622051,OmVLBrwZIL4T
Lindy,6001061122,lfruenpy@blinklist.com,6385249368,hO4K4iLumqA
Nerita,3084889635,nagdahlpz@example.com,1352172057,iVa4qK
Marie,3663100820,mszwarcq0@360.cn,5345555646,YBzqtvI4UyYL
Marjory,6304226780,mmaggioriq1@icq.com,2224996502,FPqmj8
Shayne,0745863876,sfulksq2@mail.ru,1426367147,QX8F80
Dalila,4836054583,dgilmanq3@vimeo.com,3426347138,FY2nu6BqR
Freida,4168294587,fzottoliq4@pagesperso-orange.fr,7778944188,BhXmF0bpe5n
Prent,4952451356,pcorbertq5@nyu.edu,1479235403,RVQW3xjN
Frieda,8143204596,fjakoubecq6@canalblog.com,8661912028,74eQjEa
Fabe,8744482019,ftruesdaleq7@msu.edu,9926955689,pSOPs0IY
Karia,2938318979,kdebleq8@wunderground.com,3375569067,OdNwPI5
Helli,7949945303,hduckinfieldq9@ocn.ne.jp,8257415772,4SIGVvdIpGq
Sharon,7596346235,spuddicombeqa@usda.gov,6247194659,qMFkks
Hattie,4201599485,hfanningqb@state.gov,1099783612,Mt3RcWtFDia7
Paige,6901348991,pshorlandqc@simplemachines.org,7571574519,Jm6g6a5fx
Ortensia,5890303015,ocolsonqd@unblog.fr,3306368635,UBpZc3
Templeton,6816301633,tovillqe@g.co,9088362881,IctxaLA70
Tiebout,5422237692,tsummerrellqf@gov.uk,5092432360,gfOGYn
Vannie,7834133594,vsagerqg@about.me,2417473622,MMSj7di
Belle,8767396488,bgergherqh@cbsnews.com,6576312537,camDGrrP50k
Gratiana,2146100575,gcinoqi@surveymonkey.com,1296624203,iaAR3N
Mag,6955014439,mwadgeqj@reverbnation.com,8245861993,M2EiCVYcrWer
Magdalen,1768735549,mhugnetqk@apple.com,7591047384,oK6riUxH
Valentia,0416972004,vjeannequinql@seattletimes.com,2676406381,fHG5UfQX8Zj
Nonna,6249642315,noharaqm@geocities.jp,3055296823,qPMVa52jBUF
Ardine,2275649778,asommervilleqn@altervista.org,6398322625,EiMdhpPD
Gordon,4922493867,gbottrillqo@archive.org,2381661680,Ag2qhiMBO
Fitz,4153561231,fwalentynowiczqp@nature.com,7674760699,2QHXBQjg
Gage,2311327844,gbrafieldqq@tumblr.com,2133547766,06WjnqGp
Dix,3207929141,ddeboyqr@baidu.com,7233333450,HuRXxp
Aleece,7794759730,aquinionqs@xrea.com,2859384577,YhFGBv
Karlen,2835895051,kmccardleqt@hao123.com,1665428820,sEtBaS214jn
Rourke,6077915866,rdeeginqu@1688.com,6299776591,FDJfFZI
Meade,9431047780,mfeathersbyqv@sciencedaily.com,4964642622,iHyGgOFA
Dorthy,9453862991,dseifqw@nyu.edu,6182937386,R0JQOI0Cm
Lilas,0870669079,livannikovqx@csmonitor.com,6771976574,QB2S5jQ2jnE
Bari,3708617703,bdunseithqy@instagram.com,3176248518,kHm1aT3
Margaret,2231015544,mtrippettqz@dot.gov,8679246022,2DPKSqBJvyq
Christal,3173223128,cfarrr0@ucla.edu,2979914797,cBW0C2HW
Appolonia,1784457310,arickcordr1@networkadvertising.org,7658692073,sMcn9yeoCAf
Ailyn,8247819554,asyslandr2@wired.com,9401414985,OW6pt2n
Olympe,4417189692,okertessr3@smugmug.com,8914516187,gHpSIBR
Halie,5634320127,hcoolicanr4@qq.com,6425727123,Yj96PNXjA
Ariana,9019223526,asiviorr5@hud.gov,2625242139,TAJYUPnd6
Glenine,3654779344,gbartosinskir6@washington.edu,4709623257,2rHifAfPS
Leilah,3393362801,lperelr7@weibo.com,3096397559,NljxrVrX
Bunnie,2773387783,bogleyr8@nba.com,8223269967,Tv9kHmI
Lowe,6821827990,levenettr9@apple.com,3167073111,dfc8sF729qz
Jeffry,9755624112,jcesaricra@github.com,4174401244,nCT3Of339UPH
Dene,5617055992,druffellrb@usgs.gov,2193184474,kYUHxCpWr
Riccardo,7789009311,rstanerrc@bloglovin.com,4561400174,AzAisf64
Dawna,7452274016,dmckeaneyrd@narod.ru,9364228016,YpQ2MEWn
Mellisa,9439324961,matwoolre@alexa.com,4607405936,BPPG7q
Lulu,4767201802,lmiettinenrf@slate.com,4213425164,kvCIQ51
Jonis,6288678562,jdunabierg@google.com.hk,1469901438,PqowKbheX7
Miguelita,2892376203,mklaessenrh@abc.net.au,4657087208,eJseqX9
Katuscha,9629112124,klishmundri@shop-pro.jp,3691602569,3LCZtAeIk
Ingrid,1021222542,iwidmoorrj@dagondesign.com,4687753046,rghGp9A0Qj
Randal,0662637984,rrueggrk@technorati.com,2566269436,031o9S
Gregorio,6350467558,gcohanirl@cyberchimps.com,6103657989,qNBa048s
Athene,5040517823,aphippardrm@edublogs.org,7833693396,yMinOHWZlmH1
Stavro,9444464849,sbartosikrn@tiny.cc,4239185038,SDVigQKkMkPN
