Timofei,6039242558,tdemarchi0@infoseek.co.jp,5387835555,CwTC0JQ
Ellery,8299773849,emacdearmid1@twitter.com,3579585895,AE3JyB3X
Briny,7100155320,bgonthier2@domainmarket.com,3796558035,atQRWXe
Clem,5404059095,chaberfield3@ca.gov,5379454377,ZnNN8zT
Rolfe,7421813462,reloy4@amazon.co.jp,8328596548,apVMQ3i
Rosalie,0393015289,rsoppeth5@csmonitor.com,3507818480,nTJubB
Zaccaria,1299731139,zcondon6@webeden.co.uk,4294791499,0VU1zjfc7gZp
Cyndy,1120359163,cambroise7@quantcast.com,6207048540,9AtZWt
Alysia,0398632472,ashefton8@ifeng.com,3191156440,yVDyJ147OjBk
Fayre,1088269486,fgrinvalds9@vkontakte.ru,3776909986,SUSY0eVH2JF
Paco,7016316076,pberendsa@hugedomains.com,3989879615,UWKx1Wdp1NpO
Link,0635894432,lpyecroftb@theguardian.com,2765405022,Tm5zn4UIP
Boote,6552218613,batleyc@icio.us,3976322197,Cfvy1NhX
Viki,3103440219,vstreeterd@foxnews.com,5058197801,9cGsiJ
Layne,9192867812,lhaxbiee@tmall.com,6649011846,lDiLlPGb
Emmey,9836095519,egievesf@csmonitor.com,4388211260,BbEO4Y
Shem,2353007201,smcilhargag@wisc.edu,7915614207,ptaMK3
Georgina,1926092449,gmcmillianh@uiuc.edu,6374415326,6UEf86uBEHsX
Alley,3248054085,aesbyi@columbia.edu,5678301608,Mae0NDf6ex4
Barret,3406157904,bfrij@mozilla.org,1497491336,mBHxfbItD
Meaghan,8966782469,mgurtonk@tumblr.com,4097789419,G0fhX4o2
Jada,7934516509,jcrollyl@businesswire.com,3901771583,cPpqpuz2
Nellie,4552187309,nscrigmourm@reverbnation.com,7027865180,5bpLU1a
Putnem,1203441967,pbrahamsn@seesaa.net,6577921225,AGb6dIXru
Colene,5266230428,cpetrosellio@hud.gov,8501789919,819deOb
Feliza,9242675539,feggerp@sohu.com,6416919185,NrDiHG
Malvina,1160740690,mgillmorq@dion.ne.jp,2639232840,IlaD2CuGwY
Kaylil,4103613971,kivermeer@i2i.jp,8021696525,Pp6UGlBp
Gerard,1190210533,gpaulssons@trellian.com,1041180313,MFAdz98v1x
Florette,0433690607,fmuldert@ucla.edu,1824988663,6XDljVP
Hube,7137570887,htomasoniu@digg.com,8261666869,jBSpLg
Erasmus,8963800253,ebreckinv@thetimes.co.uk,2033031649,GKqV4P3t
Timmie,5028644241,tloftingw@google.co.jp,5451754227,9NLHEP
Kerrill,4560885796,kbolithox@seesaa.net,8135227468,Jm53csNTUok
Norrie,0760792127,nadamey@plala.or.jp,4511755116,eNRmB6sSMQV
Meier,7648963531,mrockhillz@businessinsider.com,3536979876,XxPtSgMr2Ut
Emiline,6007306364,esillick10@archive.org,2632297336,kyJRt509txql
Maressa,6359779358,mpoe11@yolasite.com,1154663508,QMFMLiZ8CA
Petrina,2033497984,pskipperbottom12@last.fm,6198558399,kUDJZGP
Lonnard,4236763826,laronoff13@blogs.com,2452749358,b1Nqmn17cl
Eleanora,6907628511,elobbe14@skyrock.com,8128043957,z8I6Jbr7x
Novelia,3031208587,naddington15@jimdo.com,3851876642,zNM8L48Z
Bessy,5437829388,btutill16@goo.ne.jp,1538923326,9wQ1yStdEV
Karita,0818392444,kheersema17@howstuffworks.com,1594822023,pHHFZfgkTc1
Michaelina,7396932556,mcardillo18@theatlantic.com,7807872528,uVl6j8Cb0l
Smith,3665725011,smingay19@delicious.com,7174689196,IokgeXUp
Kaela,4471747738,kseine1a@chron.com,9047753876,GJ0i5s03
Lura,3616214432,lludlem1b@blogs.com,7389433874,lqRyRb8G
Richy,4592310128,rlarkworthy1c@tripadvisor.com,8788064654,cchw01lv
Zilvia,1493141597,zlandes1d@seesaa.net,7889899585,jM43i1
Camilla,6547352331,csigward1e@nhs.uk,7031348405,6iI1R0hrYAl
Sheppard,8555698863,sdebischop1f@ihg.com,1575321743,azkUZoNx
Neill,8870642089,nbussell1g@netvibes.com,6137240439,yBgw3ndjLm
Aldwin,6586253233,afreebury1h@twitter.com,5923050219,wBtcKvHZl9
Kamila,5344895607,kchadwell1i@mediafire.com,3228775569,iRrWssN7K
Maynord,3442709024,mbruce1j@weibo.com,6636173226,Ihqmko5
Antoine,4450543483,apavluk1k@paginegialle.it,1975023582,VIZbUFh
Calli,7804912617,cdwelly1l@google.ru,6805830414,DRIs1L
Raddy,2381713980,rucchino1m@statcounter.com,5226729037,DGQ5Xcw68
Ange,0885988027,aipplett1n@nydailynews.com,1976916535,6dSmjP
Tedi,4850517870,tvarsey1o@newsvine.com,4149491984,9EcTVpsW
Odell,2038980349,omelsom1p@fotki.com,3741605156,lRz6WGQuN5bW
Winnah,3724122276,wmeharg1q@cisco.com,9558508162,HuhvmefT3Te
Dionis,0857321323,dwiz1r@flickr.com,2269472026,YAHLlJ4
Anita,1547303166,agurwood1s@mozilla.com,5601494434,mJK6WXBG2U
Jewell,6385988112,jdavydoch1t@netscape.com,7308885974,xE8L34NsEZ
Ardys,5825988076,akeal1u@netlog.com,9243389503,hbiZaZ1
Aland,6794782332,awrathmell1v@tinyurl.com,3524235204,O55FGJ
Tabor,1105491722,tstaves1w@adobe.com,2938915189,ABg9DDZX
